table,nom,telephone
Porto-Novo,Tata Sophie,
Porto-Novo,Moïse,
Porto-Novo,Donan,0628646111
Porto-Novo,Alice,
Porto-Novo,Aïna,0626763657
Porto-Novo,Nello,
Porto-Novo,Camille,0650035230
Porto-Novo,Barth,
Porto-Novo,Sourou,06 50 19 76 59
Porto-Novo,TEKO Juste,
Marcory,Eddy,
Marcory,TEKO Jeremy,
Marcory,Davilla,0758133296
Marcory,Dorice,0663539308
Marcory,Sophia,0659381201
Marcory,Franck,0759585721
Marcory,Femy,0768928868
Marcory,K Samuel,0764079823
Marcory,Amoussouvi Ruben,
Marcory,Kasi Grâce,
Artistes,Kouessan,0783163834
Cotonou,Tantie Yemi,
Cotonou,Tonton Thomas,
Cotonou,Tantie Nisso,
Cotonou,Tonton Alain,
Cotonou,Tata Arlette,0784910152
Cotonou,Tonton Arsène,
Cotonou,Anani Carole,0684469218
Cotonou,Anani Aldo,
Cocody,Tonton David,
Cocody,Maman Christine,
Cocody,Diana,
Cocody,Rousselot de saint ceran Alexandra,
Cocody,Bialy Sarah,0787860850
Cocody,Rochelle,0676698231
Cocody,E Samuel,
Cocody,Paul Hermès,0625656972
Cocody,Delboise,
Cocody,Rousselot de saint ceran Romain,
Treichville,JSD,
Treichville,S Samuelle,0033781290961
Treichville,H Norris,
Treichville,K Divine,0661825960
Treichville,K Sarah,0673290924
Treichville,Happy,0782709001
Treichville,Willy de Happy,
Treichville,Casimir,0651765107
Treichville,Paulin,
Kpalimé,Tonton Amen,
Kpalimé,Mam Salome,
Kpalimé,Maman Georgette,0638473046
Kpalimé,Tonton Jean Bernard,
Kpalimé,Maman Grâce,0622964431
Kpalimé,Maman Betty,
Kpalimé,Papa GB,
Kpalimé,Djengue Hortense,06 63 20 66 13
Kpalimé,Beausejour Ruth,
Lomé,Adjourouvi Shannon,0661127407
Lomé,Ashley,0634908610
Lomé,Merveille,0629995392
Lomé,Michelle,0698870424
Lomé,Melissa,0668819361
Lomé,Melody,0695548351
Lomé,Hairat,07 83 87 58 18
Lomé,Manon,06 42 78 67 77
Lomé,Sara,0781477833
Lomé,JC,
Enfants,JG,
Enfants,Emma,
Enfants,Joana,
Enfants,ALOKPO Nathan,
Enfants,Nellie,
Enfants,Maelia,
Enfants,Fille de Vanita,
Enfants,Fils de Vanita,
Enfants,Davidson,
Enfants,Fils Salomon,
Aného,Céline,
Aného,Papa Yannick,0603758964
Aného,Maman Yannick,
Aného,Vanita,0766838306
Aného,Ousmane,0751551418
Aného,Ornella,
Aného,David Zaucyn,0605895421
Aného,Ophelie,0783834018
Yopougon,Coulibaly,0669290677
Yopougon,Django Salomon,0612328071
Yopougon,Django Hilane,0612328071
Yopougon,Jeremie propha,0631485689
Yopougon,Mickaël gangan,0614569520
Yopougon,Emmanuel Choisy,
Yopougon,Vivien,
Yopougon,Femme Vivien,
Yopougon,GBA Gedéon,0763922827
Yopougon,GBA Sandrine,
Fidjrossè,Memel Roland,0778815652
Fidjrossè,Keita,
Fidjrossè,Seydou,
Fidjrossè,Memel Richard,0783661280
Fidjrossè,Memel Sabitiou,
Fidjrossè,Philoxène Domiline,00590690535545
Fidjrossè,Philoxène Nathan,
Calavi,Basilia,
Calavi,Philippe,
Calavi,Stan,0663200018
Calavi,Mélanie,0769236226
Calavi,Maître Jeremie,
Calavi,Maître Israèl,
Calavi,Femme maître Israèl,
Calavi,Boucaud Maryse,
Grand-Popo,Papa Célestin,0621239417
Grand-Popo,Papa Zélé,
Grand-Popo,Maman Zélé,
Grand-Popo,Papa Mikaël,
Grand-Popo,Maman Mikaël,
Grand-Popo,Maman Valérie,0635388833
Grand-Popo,Papa marcelin,0627696529
Grand-Popo,Maman Jaki Daoukro,
Grand-Popo,Mari maman Jackie Daoukro,
Grand-Popo,Devancier Samson,
Kara,Jeff,
Kara,Mailey,0618626030
Kara,Larry,0783163207
Kara,Daniel Lago,0767220823
Kara,Marie Lago,
Kara,Ashley,0768205555
Kara,Mbock Pierre,0769842878
Kara,Houssou Timberly,0610554312
Sans ville,ADIHO Heliodore,
Sans ville,Elisée,0766468643
Sans ville,Papa Toukoum,
Sans ville,Maman Toukoum,
Sans ville,Maman Doza,0626375886
